"","Estimate","Std. Error","t value","Pr(>|t|)"
"(Intercept)",-57871.6521512298,21407.3883198442,-2.70334948320547,0.00686632850920344
"vacant_ratio",-25.1391046770247,1.13444632702854,-22.1598008456439,0.00000000000000000000000000000000000000000000000000000000000000000000000000000000000000000000000000000000000222201587805673
"review_scores_location",17.7244962169517,1.0968829058953,16.1589684019049,0.000000000000000000000000000000000000000000000000000000000129526723492864
"logbedrooms",57.2966856063771,2.27171503101835,25.2217751012073,0.000000000000000000000000000000000000000000000000000000000000000000000000000000000000000000000000000000000000000000000000000000000000000000117976272576163
"logbeds",20.6415514151698,2.10199387640406,9.81998646469982,0.0000000000000000000000959648397721844
"logbathrooms",98.6911528604345,1.99416203478312,49.4900369874749,0
